{"x":-105.01621,"y":39.57422,"spatialReference":{"wkid":4326}}